{
  "metadata": {
    "project": "India Wind W1 Forecast",
    "goal": "100 GW and 140 GW by FY2030",
    "generated": "2026-06-14 09:35:31"
  },
  "historical": {
    "years": [
      2000,
      2001,
      2002,
      2003,
      2004,
      2005,
      2006,
      2007,
      2008,
      2009,
      2010,
      2011,
      2012,
      2013,
      2014,
      2015,
      2016,
      2017,
      2018,
      2019,
      2020,
      2021,
      2022,
      2023,
      2024,
      2025
    ],
    "capacity": [
      1.024,
      1.161,
      1.367,
      1.628,
      1.87,
      2.483,
      3.585,
      7.114,
      8.098,
      10.182,
      11.753,
      14.089,
      17.277,
      19.899,
      21.077,
      23.394,
      26.797,
      32.302,
      34.13568,
      35.626,
      37.719,
      39.243,
      40.324,
      42.62,
      45.88545,
      50.03782
    ],
    "additions": [
      0.0,
      0.137,
      0.206,
      0.261,
      0.242,
      0.613,
      1.102,
      3.529,
      0.984,
      2.084,
      1.571,
      2.336,
      3.188,
      2.622,
      1.178,
      2.317,
      3.403,
      5.505,
      1.83368,
      1.49032,
      2.093,
      1.524,
      1.081,
      2.296,
      3.26545,
      4.15237
    ]
  },
  "forecast_years": [
    2026,
    2027,
    2028,
    2029,
    2030
  ],
  "models": {
    "linear_regression": {
      "forecast": [
        48.79,
        50.89,
        53.0,
        55.1,
        57.2
      ],
      "r2": 0.9719,
      "rmse": 2.68,
      "mae": 2.266
    },
    "polynomial_regression": {
      "forecast": [
        49.39,
        50.61,
        51.54,
        52.17,
        52.46
      ],
      "r2": 0.9961,
      "rmse": 1.004,
      "mae": 0.77
    },
    "arima": {
      "forecast": [
        53.35,
        56.39,
        59.33,
        62.24,
        65.14
      ],
      "annual_fc": [
        3.31,
        3.03,
        2.94,
        2.91,
        2.9
      ],
      "r2": 0.2035,
      "rmse": 1.206,
      "mae": 0.934
    },
    "holt": {
      "forecast": [
        53.14,
        56.24,
        59.34,
        62.44,
        65.54
      ],
      "r2": 0.9945,
      "rmse": 1.186,
      "mae": 0.883
    }
  },
  "cagr": {
    "overall_25yr": 16.831495781076143,
    "decade_10yr": 7.899489391577208,
    "5yr": 5.815098865139379,
    "3yr": 7.45952704709989,
    "required_100": 14.852465873225661,
    "required_140": 22.847389175611532
  }
}